group,period,sales
Control,After,20814.376543209877
Control,Before,21121.086419753086
Treatment,After,13991.103623188406
Treatment,Before,19963.878985507246
