group,period,units
Control,After,5.428395061728395
Control,Before,5.508641975308642
Treatment,After,5.293478260869565
Treatment,Before,5.2898550724637685
