group,period,profit
Control,After,9504.579012345679
Control,Before,9621.707407407408
Treatment,After,2745.9608695652173
Treatment,Before,8736.894927536232
